<?xml version="1.0" encoding="UTF-8" standalone="yes"?>
    <addon id="plugin.video.infiniti" version="1.9" name="Infiniti" provider-name="Infiniti">
    <requires>
        <import addon="xbmc.python" version="2.1.0"/>        
    </requires>
    <extension point="xbmc.python.pluginsource" library="default.py">
        <provides>video</provides>
    </extension>
    <extension point="xbmc.addon.metadata">
        <summary>Infiniti official addon - Supplying only the best quality of streams for Live TV / PPV / Sports / Kids / Movies / Entertainment.</summary>
        <description></description>
        <disclaimer></disclaimer>
        <language>en</language>
        <platform>all</platform>
        <source></source>
        <email></email>
    </extension>
</addon>